{"files":[{"id":"1cf6d525-3a38-4e7a-bfb6-87c205f3c8d3","name":"appsscript","type":"json","source":"{\n  \"timeZone\": \"America/New_York\",\n  \"dependencies\": {\n  },\n  \"exceptionLogging\": \"STACKDRIVER\",\n  \"runtimeVersion\": \"V8\"\n}"},{"id":"866f0f7e-dd49-476e-a707-6f44032cdc57","name":"Код","type":"server_js","source":"function getDirection() {\n\n  var ss \u003d SpreadsheetApp.getActiveSpreadsheet();\n  var mapSheet \u003d ss.getSheetByName(\"MAP1\");\n\n\n  var start \u003d mapSheet.getRange(\u0027B1\u0027).getValue();\n  var end \u003d mapSheet.getRange(\u0027B2\u0027).getValue();\n\n  var directions \u003d Maps.newDirectionFinder()\n    .setOrigin(start)\n    .setDestination(end)\n    .setMode(Maps.DirectionFinder.Mode.DRIVING)\n    .getDirections();\n\n//Logger.log(directions.routes[0].legs[0].duration.text);\n\n  mapSheet.getRange(\u0027A11:D20\u0027).clear();\n\n  var nextRow \u003d mapSheet.getLastRow()+1;\n\n    for (var i \u003d 0; i \u003c directions.routes[0].legs.length; i++ ){\n      var endAdress \u003d directions.routes[0].legs[i].length.end_adress;\n      var startAdress \u003d directions.routes[0].legs[i].length.start_adress;\n      var distance \u003d directions.routes[0].legs[i].distance.text;\n      var duration \u003d directions.routes[0].legs[i].duration.text;\n\n      mapSheet.getRange(nextRow, 1).setValue(startAdress);\n       mapSheet.getRange(nextRow, 2).setValue(endAdress);\n        mapSheet.getRange(nextRow, 3).setValue(distance);\n         mapSheet.getRange(nextRow, 4).setValue(duration);\n    }\n\n\n}\n"}]}